<?xml version='1.0'?>
<SymbolMappings>
  <SymbolMapping name="dotlessi" ch="305" fontId="wnr10"/>
<!-- Modern Russian -->
  <SymbolMapping name="CYRA" ch="1040" fontId="wnr10"/>
  <SymbolMapping name="CYRB" ch="1041" fontId="wnr10"/> 
  <SymbolMapping name="CYRV" ch="1042" fontId="wnr10"/>
  <SymbolMapping name="CYRG" ch="1043" fontId="wnr10"/>
  <SymbolMapping name="CYRD" ch="1044" fontId="wnr10"/>
  <SymbolMapping name="CYRE" ch="1045" fontId="wnr10"/>
  <SymbolMapping name="CYRYO" ch="1025" fontId="wnr10"/>
  <SymbolMapping name="CYRZH" ch="1046" fontId="wnr10"/>
  <SymbolMapping name="CYRZ" ch="1047" fontId="wnr10"/>
  <SymbolMapping name="CYRI" ch="1048" fontId="wnr10"/>
  <SymbolMapping name="CYRIO" ch="1049" fontId="wnr10"/>
  <SymbolMapping name="CYRK" ch="1050" fontId="wnr10"/>
  <SymbolMapping name="CYRL" ch="1051" fontId="wnr10"/>
  <SymbolMapping name="CYRM" ch="1052" fontId="wnr10"/>
  <SymbolMapping name="CYRN" ch="1053" fontId="wnr10"/>
  <SymbolMapping name="CYRO" ch="1054" fontId="wnr10"/>
  <SymbolMapping name="CYRP" ch="1055" fontId="wnr10"/>
  <SymbolMapping name="CYRR" ch="1056" fontId="wnr10"/>
  <SymbolMapping name="CYRS" ch="1057" fontId="wnr10"/>
  <SymbolMapping name="CYRT" ch="1058" fontId="wnr10"/>
  <SymbolMapping name="CYRU" ch="1059" fontId="wnr10"/>
  <SymbolMapping name="CYRF" ch="1060" fontId="wnr10"/>
  <SymbolMapping name="CYRH" ch="1061" fontId="wnr10"/>
  <SymbolMapping name="CYRC" ch="1062" fontId="wnr10"/>
  <SymbolMapping name="CYRCH" ch="1063" fontId="wnr10"/>
  <SymbolMapping name="CYRSH" ch="1064" fontId="wnr10"/>
  <SymbolMapping name="CYRSHCH" ch="1065" fontId="wnr10"/>
  <SymbolMapping name="CYRHRDSN" ch="1066" fontId="wnr10"/>
  <SymbolMapping name="CYRY" ch="1067" fontId="wnr10"/>
  <SymbolMapping name="CYRSFTSN" ch="1068" fontId="wnr10"/>
  <SymbolMapping name="CYREREV" ch="1069" fontId="wnr10"/>
  <SymbolMapping name="CYRYU" ch="1070" fontId="wnr10"/>
  <SymbolMapping name="CYRYA" ch="1071" fontId="wnr10"/>
  <SymbolMapping name="cyra" ch="1072" fontId="wnr10"/>
  <SymbolMapping name="cyrb" ch="1073" fontId="wnr10"/> 
  <SymbolMapping name="cyrv" ch="1074" fontId="wnr10"/>
  <SymbolMapping name="cyrg" ch="1075" fontId="wnr10"/>
  <SymbolMapping name="cyrd" ch="1076" fontId="wnr10"/>
  <SymbolMapping name="cyre" ch="1077" fontId="wnr10"/>
  <SymbolMapping name="cyryo" ch="1105" fontId="wnr10"/>
  <SymbolMapping name="cyrzh" ch="1078" fontId="wnr10"/>
  <SymbolMapping name="cyrz" ch="1079" fontId="wnr10"/>
  <SymbolMapping name="cyri" ch="1080" fontId="wnr10"/>
  <SymbolMapping name="cyrio" ch="1081" fontId="wnr10"/>
  <SymbolMapping name="cyrk" ch="1082" fontId="wnr10"/>
  <SymbolMapping name="cyrl" ch="1083" fontId="wnr10"/>
  <SymbolMapping name="cyrm" ch="1084" fontId="wnr10"/>
  <SymbolMapping name="cyrn" ch="1085" fontId="wnr10"/>
  <SymbolMapping name="cyro" ch="1086" fontId="wnr10"/>
  <SymbolMapping name="cyrp" ch="1087" fontId="wnr10"/>
  <SymbolMapping name="cyrr" ch="1088" fontId="wnr10"/>
  <SymbolMapping name="cyrs" ch="1089" fontId="wnr10"/>
  <SymbolMapping name="cyrt" ch="1090" fontId="wnr10"/>
  <SymbolMapping name="cyru" ch="1091" fontId="wnr10"/>
  <SymbolMapping name="cyrf" ch="1092" fontId="wnr10"/>
  <SymbolMapping name="cyrh" ch="1093" fontId="wnr10"/>
  <SymbolMapping name="cyrc" ch="1094" fontId="wnr10"/>
  <SymbolMapping name="cyrch" ch="1095" fontId="wnr10"/>
  <SymbolMapping name="cyrsh" ch="1096" fontId="wnr10"/>
  <SymbolMapping name="cyrshch" ch="1097" fontId="wnr10"/>
  <SymbolMapping name="cyrhrdsn" ch="1098" fontId="wnr10"/>
  <SymbolMapping name="cyry" ch="1099" fontId="wnr10"/>
  <SymbolMapping name="cyrsftsn" ch="1100" fontId="wnr10"/>
  <SymbolMapping name="cyrerev" ch="1101" fontId="wnr10"/>
  <SymbolMapping name="cyryu" ch="1102" fontId="wnr10"/>
  <SymbolMapping name="cyrya" ch="1103" fontId="wnr10"/>
<!-- Ukrainian -->
  <SymbolMapping name="CYRIE" ch="1028" fontId="wnr10"/>
  <SymbolMapping name="CYRII" ch="1030" fontId="wnr10"/>
  <SymbolMapping name="cyrie" ch="1108" fontId="wnr10"/>
  <SymbolMapping name="cyrii" ch="1110" fontId="wnr10"/>
<!-- Other slavic languages and Old Russian -->
  <SymbolMapping name="CYRDJE" ch="1026" fontId="wnr10"/>
  <SymbolMapping name="CYRDZE" ch="1029" fontId="wnr10"/>
  <SymbolMapping name="CYRJE" ch="1032" fontId="wnr10"/>
  <SymbolMapping name="CYRLJE" ch="1033" fontId="wnr10"/>
  <SymbolMapping name="CYRNJE" ch="1034" fontId="wnr10"/>
  <SymbolMapping name="CYRTSHE" ch="1035" fontId="wnr10"/>
  <SymbolMapping name="CYRDZHE" ch="1039" fontId="wnr10"/>
  <SymbolMapping name="CYRIZH" ch="1140" fontId="wnr10"/>
  <SymbolMapping name="CYRYAT" ch="1122" fontId="wnr10"/>
  <SymbolMapping name="CYRFITA" ch="1138" fontId="wnr10"/>
  <SymbolMapping name="cyrdje" ch="1106" fontId="wnr10"/>
  <SymbolMapping name="cyrdze" ch="1109" fontId="wnr10"/>
  <SymbolMapping name="cyrje" ch="1112" fontId="wnr10"/>
  <SymbolMapping name="cyrlje" ch="1113" fontId="wnr10"/>
  <SymbolMapping name="cyrnje" ch="1114" fontId="wnr10"/>
  <SymbolMapping name="cyrtshe" ch="1115" fontId="wnr10"/>
  <SymbolMapping name="cyrdzhe" ch="1119" fontId="wnr10"/>
  <SymbolMapping name="cyrizh" ch="1141" fontId="wnr10"/>
  <SymbolMapping name="cyryat" ch="1123" fontId="wnr10"/>
  <SymbolMapping name="cyrfita" ch="1139" fontId="wnr10"/>
<!-- Accent -->
  <SymbolMapping name="cyrbreve" ch="774" fontId="wnr10"/>
  <SymbolMapping name="cyrddot" ch="776" fontId="wnr10"/>
</SymbolMappings>
