<?xml version='1.0'?>
<Font name="fctrpg.ttf" id="fctrpg" space="0.525" xHeight="0.438" quad="1" unicode="204">
  <Char code="32" width="0.525" height="0.0" />
  <Char code="168" width="0.525" height="0.607" />
  <Char code="884" width="0.525" height="0.613" />
  <Char code="885" width="0.525" height="0.001" depth="0.14" />
  <Char code="890" width="0.525" height="-0.053" depth="0.184" />
  <Char code="900" width="0.525" height="0.613" />
  <Char code="901" width="0.525" height="0.613" />
  <Char code="903" width="0.525" height="0.431" />
  <Char code="912" width="0.525" height="0.613" depth="0.006" />
  <Char code="913" width="0.525" height="0.653" />
  <Char code="914" width="0.525" height="0.641" />
  <Char code="915" width="0.525" height="0.641" />
  <Char code="916" width="0.525" height="0.653" />
  <Char code="917" width="0.525" height="0.641" />
  <Char code="918" width="0.525" height="0.64" />
  <Char code="919" width="0.525" height="0.641" />
  <Char code="920" width="0.525" height="0.652" depth="0.011" />
  <Char code="921" width="0.525" height="0.641" />
  <Char code="922" width="0.525" height="0.641" />
  <Char code="923" width="0.525" height="0.653" />
  <Char code="924" width="0.525" height="0.641" />
  <Char code="925" width="0.525" height="0.641" />
  <Char code="926" width="0.525" height="0.641" />
  <Char code="927" width="0.525" height="0.652" depth="0.011" />
  <Char code="928" width="0.525" height="0.641" />
  <Char code="929" width="0.525" height="0.641" />
  <Char code="931" width="0.525" height="0.641" />
  <Char code="932" width="0.525" height="0.641" />
  <Char code="933" width="0.525" height="0.651" />
  <Char code="934" width="0.525" height="0.64" />
  <Char code="935" width="0.525" height="0.641" />
  <Char code="936" width="0.525" height="0.64" />
  <Char code="937" width="0.525" height="0.651" />
  <Char code="938" width="0.525" height="0.783" />
  <Char code="939" width="0.525" height="0.783" />
  <Char code="940" width="0.525" height="0.613" depth="0.006" italic="0.002" />
  <Char code="941" width="0.525" height="0.613" depth="0.011" />
  <Char code="942" width="0.525" height="0.613" depth="0.232" />
  <Char code="943" width="0.525" height="0.613" depth="0.006" />
  <Char code="944" width="0.525" height="0.669" depth="0.006" />
  <Char code="945" width="0.525" height="0.438" depth="0.006" italic="0.002" />
  <Char code="946" width="0.525" height="0.647" depth="0.232" />
  <Char code="947" width="0.525" height="0.438" depth="0.177" />
  <Char code="948" width="0.525" height="0.637" depth="0.005" />
  <Char code="949" width="0.525" height="0.443" depth="0.011" />
  <Char code="950" width="0.525" height="0.651" depth="0.133" />
  <Char code="951" width="0.525" height="0.442" depth="0.232" />
  <Char code="952" width="0.525" height="0.652" depth="0.011" />
  <Char code="953" width="0.525" height="0.437" depth="0.006" />
  <Char code="954" width="0.525" height="0.445" depth="0.013" />
  <Char code="955" width="0.525" height="0.642" depth="0.005" />
  <Char code="956" width="0.525" height="0.442" depth="0.227" />
  <Char code="957" width="0.525" height="0.438" depth="0.005" />
  <Char code="958" width="0.525" height="0.651" depth="0.133" />
  <Char code="959" width="0.525" height="0.438" depth="0.006" />
  <Char code="960" width="0.525" height="0.432" depth="0.006" />
  <Char code="961" width="0.525" height="0.437" depth="0.221" />
  <Char code="962" width="0.525" height="0.437" depth="0.111" />
  <Char code="963" width="0.525" height="0.437" depth="0.005" />
  <Char code="964" width="0.525" height="0.431" depth="0.006" />
  <Char code="965" width="0.525" height="0.443" depth="0.006" />
  <Char code="966" width="0.525" height="0.443" depth="0.232" />
  <Char code="967" width="0.525" height="0.439" depth="0.229" />
  <Char code="968" width="0.525" height="0.651" depth="0.232" />
  <Char code="969" width="0.525" height="0.442" depth="0.006" />
  <Char code="970" width="0.525" height="0.641" depth="0.006" />
  <Char code="971" width="0.525" height="0.64" depth="0.006" />
  <Char code="972" width="0.525" height="0.613" depth="0.006" />
  <Char code="973" width="0.525" height="0.613" depth="0.006" />
  <Char code="974" width="0.525" height="0.613" depth="0.006" />
  <Char code="984" width="0.525" height="0.647" />
  <Char code="985" width="0.525" height="0.609" depth="0.055" />
  <Char code="986" width="0.525" height="0.641" depth="0.028" />
  <Char code="987" width="0.525" height="0.443" depth="0.018" />
  <Char code="988" width="0.525" height="0.641" />
  <Char code="989" width="0.525" height="0.432" depth="0.221" />
  <Char code="991" width="0.525" height="0.542" depth="0.101" />
  <Char code="992" width="0.525" height="0.667" />
  <Char code="993" width="0.525" height="0.64" depth="0.011" />
  <Char code="7936" width="0.525" height="0.64" depth="0.006" italic="0.002" />
  <Char code="7937" width="0.525" height="0.64" depth="0.006" italic="0.002" />
  <Char code="7938" width="0.525" height="0.64" depth="0.006" italic="0.002" />
  <Char code="7939" width="0.525" height="0.64" depth="0.006" italic="0.002" />
  <Char code="7940" width="0.525" height="0.64" depth="0.006" italic="0.002" />
  <Char code="7941" width="0.525" height="0.64" depth="0.006" italic="0.002" />
  <Char code="7942" width="0.525" height="0.696" depth="0.006" italic="0.002" />
  <Char code="7943" width="0.525" height="0.696" depth="0.006" italic="0.002" />
  <Char code="7952" width="0.525" height="0.64" depth="0.011" />
  <Char code="7953" width="0.525" height="0.64" depth="0.011" />
  <Char code="7954" width="0.525" height="0.64" depth="0.011" />
  <Char code="7955" width="0.525" height="0.64" depth="0.011" />
  <Char code="7956" width="0.525" height="0.64" depth="0.011" />
  <Char code="7957" width="0.525" height="0.64" depth="0.011" />
  <Char code="7968" width="0.525" height="0.64" depth="0.232" />
  <Char code="7969" width="0.525" height="0.64" depth="0.232" />
  <Char code="7970" width="0.525" height="0.64" depth="0.232" />
  <Char code="7971" width="0.525" height="0.64" depth="0.232" />
  <Char code="7972" width="0.525" height="0.64" depth="0.232" />
  <Char code="7973" width="0.525" height="0.64" depth="0.232" />
  <Char code="7974" width="0.525" height="0.696" depth="0.232" />
  <Char code="7975" width="0.525" height="0.696" depth="0.232" />
  <Char code="7984" width="0.525" height="0.64" depth="0.006" />
  <Char code="7985" width="0.525" height="0.64" depth="0.006" />
  <Char code="7986" width="0.525" height="0.64" depth="0.006" />
  <Char code="7987" width="0.525" height="0.64" depth="0.006" />
  <Char code="7988" width="0.525" height="0.64" depth="0.006" />
  <Char code="7989" width="0.525" height="0.64" depth="0.006" />
  <Char code="7990" width="0.525" height="0.696" depth="0.006" />
  <Char code="7991" width="0.525" height="0.696" depth="0.006" />
  <Char code="8000" width="0.525" height="0.64" depth="0.006" />
  <Char code="8001" width="0.525" height="0.64" depth="0.006" />
  <Char code="8002" width="0.525" height="0.64" depth="0.006" />
  <Char code="8003" width="0.525" height="0.64" depth="0.006" />
  <Char code="8004" width="0.525" height="0.64" depth="0.006" />
  <Char code="8005" width="0.525" height="0.64" depth="0.006" />
  <Char code="8016" width="0.525" height="0.64" depth="0.006" />
  <Char code="8017" width="0.525" height="0.64" depth="0.006" />
  <Char code="8018" width="0.525" height="0.64" depth="0.006" />
  <Char code="8019" width="0.525" height="0.64" depth="0.006" />
  <Char code="8020" width="0.525" height="0.64" depth="0.006" />
  <Char code="8021" width="0.525" height="0.64" depth="0.006" />
  <Char code="8022" width="0.525" height="0.696" depth="0.006" />
  <Char code="8023" width="0.525" height="0.696" depth="0.006" />
  <Char code="8032" width="0.525" height="0.64" depth="0.006" />
  <Char code="8033" width="0.525" height="0.64" depth="0.006" />
  <Char code="8034" width="0.525" height="0.64" depth="0.006" />
  <Char code="8035" width="0.525" height="0.64" depth="0.006" />
  <Char code="8036" width="0.525" height="0.64" depth="0.006" />
  <Char code="8037" width="0.525" height="0.64" depth="0.006" />
  <Char code="8038" width="0.525" height="0.696" depth="0.006" />
  <Char code="8039" width="0.525" height="0.696" depth="0.006" />
  <Char code="8048" width="0.525" height="0.613" depth="0.006" italic="0.002" />
  <Char code="8050" width="0.525" height="0.614" depth="0.011" />
  <Char code="8052" width="0.525" height="0.614" depth="0.232" />
  <Char code="8054" width="0.525" height="0.613" depth="0.006" />
  <Char code="8056" width="0.525" height="0.614" depth="0.006" />
  <Char code="8058" width="0.525" height="0.613" depth="0.006" />
  <Char code="8060" width="0.525" height="0.614" depth="0.006" />
  <Char code="8064" width="0.525" height="0.64" depth="0.184" italic="0.002" />
  <Char code="8065" width="0.525" height="0.64" depth="0.184" italic="0.002" />
  <Char code="8066" width="0.525" height="0.64" depth="0.184" italic="0.002" />
  <Char code="8067" width="0.525" height="0.64" depth="0.184" italic="0.002" />
  <Char code="8068" width="0.525" height="0.64" depth="0.184" italic="0.002" />
  <Char code="8069" width="0.525" height="0.64" depth="0.184" italic="0.002" />
  <Char code="8070" width="0.525" height="0.696" depth="0.184" italic="0.002" />
  <Char code="8071" width="0.525" height="0.696" depth="0.184" italic="0.002" />
  <Char code="8080" width="0.525" height="0.64" depth="0.232" />
  <Char code="8081" width="0.525" height="0.64" depth="0.232" />
  <Char code="8082" width="0.525" height="0.64" depth="0.232" />
  <Char code="8083" width="0.525" height="0.64" depth="0.232" />
  <Char code="8084" width="0.525" height="0.64" depth="0.232" />
  <Char code="8085" width="0.525" height="0.64" depth="0.232" />
  <Char code="8086" width="0.525" height="0.696" depth="0.232" />
  <Char code="8087" width="0.525" height="0.696" depth="0.232" />
  <Char code="8096" width="0.525" height="0.64" depth="0.184" />
  <Char code="8097" width="0.525" height="0.64" depth="0.184" />
  <Char code="8098" width="0.525" height="0.64" depth="0.184" />
  <Char code="8099" width="0.525" height="0.64" depth="0.184" />
  <Char code="8100" width="0.525" height="0.64" depth="0.184" />
  <Char code="8101" width="0.525" height="0.64" depth="0.184" />
  <Char code="8102" width="0.525" height="0.696" depth="0.184" />
  <Char code="8103" width="0.525" height="0.696" depth="0.184" />
  <Char code="8114" width="0.525" height="0.613" depth="0.184" italic="0.002" />
  <Char code="8115" width="0.525" height="0.438" depth="0.184" italic="0.002" />
  <Char code="8116" width="0.525" height="0.613" depth="0.184" italic="0.002" />
  <Char code="8118" width="0.525" height="0.641" depth="0.006" italic="0.002" />
  <Char code="8119" width="0.525" height="0.641" depth="0.184" italic="0.002" />
  <Char code="8124" width="0.525" height="0.653" depth="0.184" />
  <Char code="8126" width="0.525" height="0.137" depth="0.135" />
  <Char code="8127" width="0.525" height="0.64" />
  <Char code="8128" width="0.525" height="0.641" />
  <Char code="8129" width="0.525" height="0.696" />
  <Char code="8130" width="0.525" height="0.614" depth="0.232" />
  <Char code="8131" width="0.525" height="0.442" depth="0.232" />
  <Char code="8132" width="0.525" height="0.613" depth="0.232" />
  <Char code="8134" width="0.525" height="0.641" depth="0.232" />
  <Char code="8135" width="0.525" height="0.641" depth="0.232" />
  <Char code="8140" width="0.525" height="0.641" depth="0.184" />
  <Char code="8141" width="0.525" height="0.64" >
    <Kern code="913" val="-0.087"/>
    <Kern code="927" val="-0.029"/>
    <Kern code="8124" val="-0.087"/>
  </Char>
  <Char code="8142" width="0.525" height="0.64" />
  <Char code="8143" width="0.525" height="0.696" />
  <Char code="8146" width="0.525" height="0.613" depth="0.006" />
  <Char code="8150" width="0.525" height="0.641" depth="0.006" />
  <Char code="8151" width="0.525" height="0.696" depth="0.006" />
  <Char code="8157" width="0.525" height="0.64" >
    <Kern code="913" val="-0.087"/>
    <Kern code="927" val="-0.029"/>
    <Kern code="8124" val="-0.087"/>
  </Char>
  <Char code="8158" width="0.525" height="0.64" />
  <Char code="8159" width="0.525" height="0.696" />
  <Char code="8162" width="0.525" height="0.668" depth="0.006" />
  <Char code="8164" width="0.525" height="0.64" depth="0.221" />
  <Char code="8165" width="0.525" height="0.64" depth="0.221" />
  <Char code="8166" width="0.525" height="0.641" depth="0.006" />
  <Char code="8167" width="0.525" height="0.696" depth="0.006" />
  <Char code="8173" width="0.525" height="0.613" />
  <Char code="8175" width="0.525" height="0.614" />
  <Char code="8178" width="0.525" height="0.614" depth="0.184" />
  <Char code="8179" width="0.525" height="0.442" depth="0.184" />
  <Char code="8180" width="0.525" height="0.613" depth="0.184" />
  <Char code="8182" width="0.525" height="0.641" depth="0.006" />
  <Char code="8183" width="0.525" height="0.641" depth="0.184" />
  <Char code="8188" width="0.525" height="0.651" depth="0.184" />
  <Char code="8190" width="0.525" height="0.64" />
  <Char code="8217" width="0.525" height="0.641" />
  <Char code="9001" width="0.525" height="0.695" depth="0.083" />
  <Char code="9002" width="0.525" height="0.695" depth="0.083" />
</Font>