<?xml version='1.0'?>
<SymbolMappings>
  <SymbolMapping name="ʹ" ch="884" fontId="fcmrpg"/>
  <SymbolMapping name="͵" ch="885" fontId="fcmrpg"/>
  <SymbolMapping name="ͺ" ch="890" fontId="fcmrpg"/>
  <SymbolMapping name="΄" ch="900" fontId="fcmrpg"/>
  <SymbolMapping name="΅" ch="901" fontId="fcmrpg"/>
  <SymbolMapping name="·" ch="903" fontId="fcmrpg"/>
  <SymbolMapping name="ΐ" ch="912" fontId="fcmrpg"/>
  <SymbolMapping name="Α" ch="913" fontId="fcmrpg"/>
  <SymbolMapping name="Β" ch="914" fontId="fcmrpg"/>
  <SymbolMapping name="Γ" ch="915" fontId="fcmrpg"/>
  <SymbolMapping name="Δ" ch="916" fontId="fcmrpg"/>
  <SymbolMapping name="Ε" ch="917" fontId="fcmrpg"/>
  <SymbolMapping name="Ζ" ch="918" fontId="fcmrpg"/>
  <SymbolMapping name="Η" ch="919" fontId="fcmrpg"/>
  <SymbolMapping name="Θ" ch="920" fontId="fcmrpg"/>
  <SymbolMapping name="Ι" ch="921" fontId="fcmrpg"/>
  <SymbolMapping name="Κ" ch="922" fontId="fcmrpg"/>
  <SymbolMapping name="Λ" ch="923" fontId="fcmrpg"/>
  <SymbolMapping name="Μ" ch="924" fontId="fcmrpg"/>
  <SymbolMapping name="Ν" ch="925" fontId="fcmrpg"/>
  <SymbolMapping name="Ξ" ch="926" fontId="fcmrpg"/>
  <SymbolMapping name="Ο" ch="927" fontId="fcmrpg"/>
  <SymbolMapping name="Π" ch="928" fontId="fcmrpg"/>
  <SymbolMapping name="Ρ" ch="929" fontId="fcmrpg"/>
  <SymbolMapping name="Σ" ch="931" fontId="fcmrpg"/>
  <SymbolMapping name="Τ" ch="932" fontId="fcmrpg"/>
  <SymbolMapping name="Υ" ch="933" fontId="fcmrpg"/>
  <SymbolMapping name="Φ" ch="934" fontId="fcmrpg"/>
  <SymbolMapping name="Χ" ch="935" fontId="fcmrpg"/>
  <SymbolMapping name="Ψ" ch="936" fontId="fcmrpg"/>
  <SymbolMapping name="Ω" ch="937" fontId="fcmrpg"/>
  <SymbolMapping name="Ϊ" ch="938" fontId="fcmrpg"/>
  <SymbolMapping name="Ϋ" ch="939" fontId="fcmrpg"/>
  <SymbolMapping name="ά" ch="940" fontId="fcmrpg"/>
  <SymbolMapping name="έ" ch="941" fontId="fcmrpg"/>
  <SymbolMapping name="ή" ch="942" fontId="fcmrpg"/>
  <SymbolMapping name="ί" ch="943" fontId="fcmrpg"/>
  <SymbolMapping name="ΰ" ch="944" fontId="fcmrpg"/>
  <SymbolMapping name="α" ch="945" fontId="fcmrpg"/>
  <SymbolMapping name="β" ch="946" fontId="fcmrpg"/>
  <SymbolMapping name="γ" ch="947" fontId="fcmrpg"/>
  <SymbolMapping name="δ" ch="948" fontId="fcmrpg"/>
  <SymbolMapping name="ε" ch="949" fontId="fcmrpg"/>
  <SymbolMapping name="ζ" ch="950" fontId="fcmrpg"/>
  <SymbolMapping name="η" ch="951" fontId="fcmrpg"/>
  <SymbolMapping name="θ" ch="952" fontId="fcmrpg"/>
  <SymbolMapping name="ι" ch="953" fontId="fcmrpg"/>
  <SymbolMapping name="κ" ch="954" fontId="fcmrpg"/>
  <SymbolMapping name="λ" ch="955" fontId="fcmrpg"/>
  <SymbolMapping name="μ" ch="956" fontId="fcmrpg"/>
  <SymbolMapping name="ν" ch="957" fontId="fcmrpg"/>
  <SymbolMapping name="ξ" ch="958" fontId="fcmrpg"/>
  <SymbolMapping name="ο" ch="959" fontId="fcmrpg"/>
  <SymbolMapping name="π" ch="960" fontId="fcmrpg"/>
  <SymbolMapping name="ρ" ch="961" fontId="fcmrpg"/>
  <SymbolMapping name="ς" ch="962" fontId="fcmrpg"/>
  <SymbolMapping name="σ" ch="963" fontId="fcmrpg"/>
  <SymbolMapping name="τ" ch="964" fontId="fcmrpg"/>
  <SymbolMapping name="υ" ch="965" fontId="fcmrpg"/>
  <SymbolMapping name="φ" ch="966" fontId="fcmrpg"/>
  <SymbolMapping name="χ" ch="967" fontId="fcmrpg"/>
  <SymbolMapping name="ψ" ch="968" fontId="fcmrpg"/>
  <SymbolMapping name="ω" ch="969" fontId="fcmrpg"/>
  <SymbolMapping name="ϊ" ch="970" fontId="fcmrpg"/>
  <SymbolMapping name="ϋ" ch="971" fontId="fcmrpg"/>
  <SymbolMapping name="ό" ch="972" fontId="fcmrpg"/>
  <SymbolMapping name="ύ" ch="973" fontId="fcmrpg"/>
  <SymbolMapping name="ώ" ch="974" fontId="fcmrpg"/>
  <SymbolMapping name="ϑ" ch="977" fontId="fcmrpg"/>
  <SymbolMapping name="Ϙ" ch="984" fontId="fcmrpg"/>
  <SymbolMapping name="ϙ" ch="985" fontId="fcmrpg"/>
  <SymbolMapping name="Ϛ" ch="986" fontId="fcmrpg"/>
  <SymbolMapping name="ϛ" ch="987" fontId="fcmrpg"/>
  <SymbolMapping name="Ϝ" ch="988" fontId="fcmrpg"/>
  <SymbolMapping name="ϝ" ch="989" fontId="fcmrpg"/>
  <SymbolMapping name="ϟ" ch="991" fontId="fcmrpg"/>
  <SymbolMapping name="Ϡ" ch="992" fontId="fcmrpg"/>
  <SymbolMapping name="ϡ" ch="993" fontId="fcmrpg"/>
  <SymbolMapping name="ἀ" ch="7936" fontId="fcmrpg"/>
  <SymbolMapping name="ἁ" ch="7937" fontId="fcmrpg"/>
  <SymbolMapping name="ἂ" ch="7938" fontId="fcmrpg"/>
  <SymbolMapping name="ἃ" ch="7939" fontId="fcmrpg"/>
  <SymbolMapping name="ἄ" ch="7940" fontId="fcmrpg"/>
  <SymbolMapping name="ἅ" ch="7941" fontId="fcmrpg"/>
  <SymbolMapping name="ἆ" ch="7942" fontId="fcmrpg"/>
  <SymbolMapping name="ἇ" ch="7943" fontId="fcmrpg"/>
  <SymbolMapping name="ἐ" ch="7952" fontId="fcmrpg"/>
  <SymbolMapping name="ἑ" ch="7953" fontId="fcmrpg"/>
  <SymbolMapping name="ἒ" ch="7954" fontId="fcmrpg"/>
  <SymbolMapping name="ἓ" ch="7955" fontId="fcmrpg"/>
  <SymbolMapping name="ἔ" ch="7956" fontId="fcmrpg"/>
  <SymbolMapping name="ἕ" ch="7957" fontId="fcmrpg"/>
  <SymbolMapping name="ἠ" ch="7968" fontId="fcmrpg"/>
  <SymbolMapping name="ἡ" ch="7969" fontId="fcmrpg"/>
  <SymbolMapping name="ἢ" ch="7970" fontId="fcmrpg"/>
  <SymbolMapping name="ἣ" ch="7971" fontId="fcmrpg"/>
  <SymbolMapping name="ἤ" ch="7972" fontId="fcmrpg"/>
  <SymbolMapping name="ἥ" ch="7973" fontId="fcmrpg"/>
  <SymbolMapping name="ἦ" ch="7974" fontId="fcmrpg"/>
  <SymbolMapping name="ἧ" ch="7975" fontId="fcmrpg"/>
  <SymbolMapping name="ἰ" ch="7984" fontId="fcmrpg"/>
  <SymbolMapping name="ἱ" ch="7985" fontId="fcmrpg"/>
  <SymbolMapping name="ἲ" ch="7986" fontId="fcmrpg"/>
  <SymbolMapping name="ἳ" ch="7987" fontId="fcmrpg"/>
  <SymbolMapping name="ἴ" ch="7988" fontId="fcmrpg"/>
  <SymbolMapping name="ἵ" ch="7989" fontId="fcmrpg"/>
  <SymbolMapping name="ἶ" ch="7990" fontId="fcmrpg"/>
  <SymbolMapping name="ἷ" ch="7991" fontId="fcmrpg"/>
  <SymbolMapping name="ὀ" ch="8000" fontId="fcmrpg"/>
  <SymbolMapping name="ὁ" ch="8001" fontId="fcmrpg"/>
  <SymbolMapping name="ὂ" ch="8002" fontId="fcmrpg"/>
  <SymbolMapping name="ὃ" ch="8003" fontId="fcmrpg"/>
  <SymbolMapping name="ὄ" ch="8004" fontId="fcmrpg"/>
  <SymbolMapping name="ὅ" ch="8005" fontId="fcmrpg"/>
  <SymbolMapping name="ὐ" ch="8016" fontId="fcmrpg"/>
  <SymbolMapping name="ὑ" ch="8017" fontId="fcmrpg"/>
  <SymbolMapping name="ὒ" ch="8018" fontId="fcmrpg"/>
  <SymbolMapping name="ὓ" ch="8019" fontId="fcmrpg"/>
  <SymbolMapping name="ὔ" ch="8020" fontId="fcmrpg"/>
  <SymbolMapping name="ὕ" ch="8021" fontId="fcmrpg"/>
  <SymbolMapping name="ὖ" ch="8022" fontId="fcmrpg"/>
  <SymbolMapping name="ὗ" ch="8023" fontId="fcmrpg"/>
  <SymbolMapping name="ὠ" ch="8032" fontId="fcmrpg"/>
  <SymbolMapping name="ὡ" ch="8033" fontId="fcmrpg"/>
  <SymbolMapping name="ὢ" ch="8034" fontId="fcmrpg"/>
  <SymbolMapping name="ὣ" ch="8035" fontId="fcmrpg"/>
  <SymbolMapping name="ὤ" ch="8036" fontId="fcmrpg"/>
  <SymbolMapping name="ὥ" ch="8037" fontId="fcmrpg"/>
  <SymbolMapping name="ὦ" ch="8038" fontId="fcmrpg"/>
  <SymbolMapping name="ὧ" ch="8039" fontId="fcmrpg"/>
  <SymbolMapping name="ὰ" ch="8048" fontId="fcmrpg"/>
  <SymbolMapping name="ὲ" ch="8050" fontId="fcmrpg"/>
  <SymbolMapping name="ὴ" ch="8052" fontId="fcmrpg"/>
  <SymbolMapping name="ὶ" ch="8054" fontId="fcmrpg"/>
  <SymbolMapping name="ὸ" ch="8056" fontId="fcmrpg"/>
  <SymbolMapping name="ὺ" ch="8058" fontId="fcmrpg"/>
  <SymbolMapping name="ὼ" ch="8060" fontId="fcmrpg"/>
  <SymbolMapping name="ᾀ" ch="8064" fontId="fcmrpg"/>
  <SymbolMapping name="ᾁ" ch="8065" fontId="fcmrpg"/>
  <SymbolMapping name="ᾂ" ch="8066" fontId="fcmrpg"/>
  <SymbolMapping name="ᾃ" ch="8067" fontId="fcmrpg"/>
  <SymbolMapping name="ᾄ" ch="8068" fontId="fcmrpg"/>
  <SymbolMapping name="ᾅ" ch="8069" fontId="fcmrpg"/>
  <SymbolMapping name="ᾆ" ch="8070" fontId="fcmrpg"/>
  <SymbolMapping name="ᾇ" ch="8071" fontId="fcmrpg"/>
  <SymbolMapping name="ᾐ" ch="8080" fontId="fcmrpg"/>
  <SymbolMapping name="ᾑ" ch="8081" fontId="fcmrpg"/>
  <SymbolMapping name="ᾒ" ch="8082" fontId="fcmrpg"/>
  <SymbolMapping name="ᾓ" ch="8083" fontId="fcmrpg"/>
  <SymbolMapping name="ᾔ" ch="8084" fontId="fcmrpg"/>
  <SymbolMapping name="ᾕ" ch="8085" fontId="fcmrpg"/>
  <SymbolMapping name="ᾖ" ch="8086" fontId="fcmrpg"/>
  <SymbolMapping name="ᾗ" ch="8087" fontId="fcmrpg"/>
  <SymbolMapping name="ᾠ" ch="8096" fontId="fcmrpg"/>
  <SymbolMapping name="ᾡ" ch="8097" fontId="fcmrpg"/>
  <SymbolMapping name="ᾢ" ch="8098" fontId="fcmrpg"/>
  <SymbolMapping name="ᾣ" ch="8099" fontId="fcmrpg"/>
  <SymbolMapping name="ᾤ" ch="8100" fontId="fcmrpg"/>
  <SymbolMapping name="ᾥ" ch="8101" fontId="fcmrpg"/>
  <SymbolMapping name="ᾦ" ch="8102" fontId="fcmrpg"/>
  <SymbolMapping name="ᾧ" ch="8103" fontId="fcmrpg"/>
  <SymbolMapping name="ᾲ" ch="8114" fontId="fcmrpg"/>
  <SymbolMapping name="ᾳ" ch="8115" fontId="fcmrpg"/>
  <SymbolMapping name="ᾴ" ch="8116" fontId="fcmrpg"/>
  <SymbolMapping name="ᾶ" ch="8118" fontId="fcmrpg"/>
  <SymbolMapping name="ᾷ" ch="8119" fontId="fcmrpg"/>
  <SymbolMapping name="ᾼ" ch="8124" fontId="fcmrpg"/>
  <SymbolMapping name="ι" ch="8126" fontId="fcmrpg"/>
  <SymbolMapping name="᾿" ch="8127" fontId="fcmrpg"/>
  <SymbolMapping name="῀" ch="8128" fontId="fcmrpg"/>
  <SymbolMapping name="῁" ch="8129" fontId="fcmrpg"/>
  <SymbolMapping name="ῂ" ch="8130" fontId="fcmrpg"/>
  <SymbolMapping name="ῃ" ch="8131" fontId="fcmrpg"/>
  <SymbolMapping name="ῄ" ch="8132" fontId="fcmrpg"/>
  <SymbolMapping name="ῆ" ch="8134" fontId="fcmrpg"/>
  <SymbolMapping name="ῇ" ch="8135" fontId="fcmrpg"/>
  <SymbolMapping name="ῌ" ch="8140" fontId="fcmrpg"/>
  <SymbolMapping name="῍" ch="8141" fontId="fcmrpg"/>
  <SymbolMapping name="῎" ch="8142" fontId="fcmrpg"/>
  <SymbolMapping name="῏" ch="8143" fontId="fcmrpg"/>
  <SymbolMapping name="ῒ" ch="8146" fontId="fcmrpg"/>
  <SymbolMapping name="ῖ" ch="8150" fontId="fcmrpg"/>
  <SymbolMapping name="ῗ" ch="8151" fontId="fcmrpg"/>
  <SymbolMapping name="῝" ch="8157" fontId="fcmrpg"/>
  <SymbolMapping name="῞" ch="8158" fontId="fcmrpg"/>
  <SymbolMapping name="῟" ch="8159" fontId="fcmrpg"/>
  <SymbolMapping name="ῢ" ch="8162" fontId="fcmrpg"/>
  <SymbolMapping name="ῤ" ch="8164" fontId="fcmrpg"/>
  <SymbolMapping name="ῥ" ch="8165" fontId="fcmrpg"/>
  <SymbolMapping name="ῦ" ch="8166" fontId="fcmrpg"/>
  <SymbolMapping name="ῧ" ch="8167" fontId="fcmrpg"/>
  <SymbolMapping name="῭" ch="8173" fontId="fcmrpg"/>
  <SymbolMapping name="`" ch="8175" fontId="fcmrpg"/>
  <SymbolMapping name="ῲ" ch="8178" fontId="fcmrpg"/>
  <SymbolMapping name="ῳ" ch="8179" fontId="fcmrpg"/>
  <SymbolMapping name="ῴ" ch="8180" fontId="fcmrpg"/>
  <SymbolMapping name="ῶ" ch="8182" fontId="fcmrpg"/>
  <SymbolMapping name="ῷ" ch="8183" fontId="fcmrpg"/>
  <SymbolMapping name="ῼ" ch="8188" fontId="fcmrpg"/>
  <SymbolMapping name="῾" ch="8190" fontId="fcmrpg"/>
  <SymbolMapping name="’" ch="8217" fontId="fcmrpg"/>
</SymbolMappings>
