<?xml version='1.0'?>
<!--
  symbols_cyrillic.xml
-->

<TeXSymbols>
  <Symbol name="dotlessi" type="ord"/>
  <Symbol name="cyrbreve" type="acc"/>
  <Symbol name="cyrddot" type="acc"/>
  <Symbol name="CYRA" type="ord"/>
  <Symbol name="CYRB" type="ord"/> 
  <Symbol name="CYRV" type="ord"/>
  <Symbol name="CYRG" type="ord"/>
  <Symbol name="CYRD" type="ord"/>
  <Symbol name="CYRE" type="ord"/>
  <Symbol name="CYRYO" type="ord"/>
  <Symbol name="CYRZH" type="ord"/>
  <Symbol name="CYRZ" type="ord"/>
  <Symbol name="CYRE" type="ord"/>
  <Symbol name="CYRI" type="ord"/>
  <Symbol name="CYRIO" type="ord"/>
  <Symbol name="CYRK" type="ord"/>
  <Symbol name="CYRL" type="ord"/>
  <Symbol name="CYRM" type="ord"/>
  <Symbol name="CYRN" type="ord"/>
  <Symbol name="CYRO" type="ord"/>
  <Symbol name="CYRP" type="ord"/>
  <Symbol name="CYRR" type="ord"/>
  <Symbol name="CYRS" type="ord"/>
  <Symbol name="CYRT" type="ord"/>
  <Symbol name="CYRU" type="ord"/>
  <Symbol name="CYRF" type="ord"/>
  <Symbol name="CYRH" type="ord"/>
  <Symbol name="CYRC" type="ord"/>
  <Symbol name="CYRCH" type="ord"/>
  <Symbol name="CYRSH" type="ord"/>
  <Symbol name="CYRSHCH" type="ord"/>
  <Symbol name="CYRHRDSN" type="ord"/>
  <Symbol name="CYRY" type="ord"/>
  <Symbol name="CYRSFTSN" type="ord"/>
  <Symbol name="CYREREV" type="ord"/>
  <Symbol name="CYRYU" type="ord"/>
  <Symbol name="CYRYA" type="ord"/>
  <Symbol name="cyra" type="ord"/>
  <Symbol name="cyrb" type="ord"/> 
  <Symbol name="cyrv" type="ord"/>
  <Symbol name="cyrg" type="ord"/>
  <Symbol name="cyrd" type="ord"/>
  <Symbol name="cyre" type="ord"/>
  <Symbol name="cyryo" type="ord"/>
  <Symbol name="cyrzh" type="ord"/>
  <Symbol name="cyrz" type="ord"/>
  <Symbol name="cyre" type="ord"/>
  <Symbol name="cyri" type="ord"/>
  <Symbol name="cyrio" type="ord"/>
  <Symbol name="cyrk" type="ord"/>
  <Symbol name="cyrl" type="ord"/>
  <Symbol name="cyrm" type="ord"/>
  <Symbol name="cyrn" type="ord"/>
  <Symbol name="cyro" type="ord"/>
  <Symbol name="cyrp" type="ord"/>
  <Symbol name="cyrr" type="ord"/>
  <Symbol name="cyrs" type="ord"/>
  <Symbol name="cyrt" type="ord"/>
  <Symbol name="cyru" type="ord"/>
  <Symbol name="cyrf" type="ord"/>
  <Symbol name="cyrh" type="ord"/>
  <Symbol name="cyrc" type="ord"/>
  <Symbol name="cyrch" type="ord"/>
  <Symbol name="cyrsh" type="ord"/>
  <Symbol name="cyrshch" type="ord"/>
  <Symbol name="cyrhrdsn" type="ord"/>
  <Symbol name="cyry" type="ord"/>
  <Symbol name="cyrsftsn" type="ord"/>
  <Symbol name="cyrerev" type="ord"/>
  <Symbol name="cyryu" type="ord"/>
  <Symbol name="cyrya" type="ord"/>
<!-- Ukrainian -->
  <Symbol name="CYRIE" type="ord"/>
  <Symbol name="CYRII" type="ord"/>
  <Symbol name="cyrie" type="ord"/>
  <Symbol name="cyrii" type="ord"/>
<!-- Other slavic languages and Old Russian -->
  <Symbol name="CYRDJE" type="ord"/>
  <Symbol name="CYRDZE" type="ord"/>
  <Symbol name="CYRJE" type="ord"/>
  <Symbol name="CYRLJE" type="ord"/>
  <Symbol name="CYRNJE" type="ord"/>
  <Symbol name="CYRTSHE" type="ord"/>
  <Symbol name="CYRDZHE" type="ord"/>
  <Symbol name="CYRIZH" type="ord"/>
  <Symbol name="CYRYAT" type="ord"/>
  <Symbol name="CYRFITA" type="ord"/>
  <Symbol name="cyrdje" type="ord"/>
  <Symbol name="cyrdze" type="ord"/>
  <Symbol name="cyrje" type="ord"/>
  <Symbol name="cyrlje" type="ord"/>
  <Symbol name="cyrnje" type="ord"/>
  <Symbol name="cyrtshe" type="ord"/>
  <Symbol name="cyrdzhe" type="ord"/>
  <Symbol name="cyrizh" type="ord"/>
  <Symbol name="cyryat" type="ord"/>
  <Symbol name="cyrfita" type="ord"/>
</TeXSymbols>
